valid_pixels,min,max,mean,p50,p90,p95,p99
5319820,0.0,0.991249680519104,0.01639067381620407,0.0019607844296842813,0.033153191208839417,0.07439780980348587,0.2786217927932739
