valid_pixels,min,max,mean,p50,p90,p95,p99
5319820,0.0,0.9885477423667908,0.015878213569521904,0.001976122846826911,0.033493805676698685,0.06825372576713562,0.24837131798267365
