valid_pixels,min,max,mean,p50,p90,p95,p99
5319820,0.0,0.9893988370895386,0.016345998272299767,0.0019607844296842813,0.03326866775751114,0.0731164962053299,0.27770546078681946
